{
  "protocol": {
    "train_years": [
      2000,
      2001
    ],
    "eval_years": [
      2002,
      2002
    ],
    "climatology_years": [
      2000,
      2001
    ],
    "lead_times_hours": [
      6,
      12,
      18,
      24
    ],
    "step_hours": 6,
    "num_samples": 1456,
    "metrics": [
      "rmse",
      "acc",
      "crps"
    ]
  },
  "rows": [
    {
      "variant": "UniPhy",
      "mode": "direct",
      "rmse": {
        "6": 0.028079,
        "12": 0.035647,
        "18": 0.040717,
        "24": 0.044047
      },
      "acc": {
        "6": 0.767417,
        "12": 0.716919,
        "18": 0.665004,
        "24": 0.62029
      },
      "crps": {
        "6": 0.016111,
        "12": 0.019789,
        "18": 0.022802,
        "24": 0.024818
      }
    },
    {
      "variant": "UniPhy",
      "mode": "recursive",
      "rmse": {
        "6": 0.028081,
        "12": 0.054402,
        "18": 0.075027,
        "24": 0.086508
      },
      "acc": {
        "6": 0.767408,
        "12": 0.474586,
        "18": 0.227905,
        "24": 0.113066
      },
      "crps": {
        "6": 0.016111,
        "12": 0.035632,
        "18": 0.049784,
        "24": 0.057505
      }
    },
    {
      "variant": "SwinTrans",
      "mode": "recursive",
      "rmse": {
        "6": 0.031179,
        "12": 0.039022,
        "18": 0.043511,
        "24": 0.046662
      },
      "acc": {
        "6": 0.756821,
        "12": 0.680618,
        "18": 0.615619,
        "24": 0.561295
      },
      "crps": {
        "6": 0.016446,
        "12": 0.021261,
        "18": 0.024793,
        "24": 0.027208
      }
    },
    {
      "variant": "ConvLSTM",
      "mode": "recursive",
      "rmse": {
        "6": 0.104625,
        "12": 0.104667,
        "18": 0.104675,
        "24": 0.104678
      },
      "acc": {
        "6": 0.020243,
        "12": 0.020213,
        "18": 0.020123,
        "24": 0.020037
      },
      "crps": {
        "6": 0.06434,
        "12": 0.064337,
        "18": 0.064338,
        "24": 0.064339
      }
    }
  ]
}
