{
  "protocol": {
    "train_years": [
      2000,
      2001
    ],
    "eval_years": [
      2002,
      2002
    ],
    "climatology_years": [
      2000,
      2001
    ],
    "lead_times_hours": [
      6,
      12,
      18,
      24
    ],
    "step_hours": 6,
    "num_samples": 1456,
    "metrics": [
      "rmse",
      "acc",
      "crps"
    ],
    "model_selection": "UniPhy rollout consistency refinement selected by controlled validation, then evaluated once on the full 2002 fixed interval protocol.",
    "uniphy_refinement": {
      "pretrained_stage": "2000,2001 ten epoch residual free UniPhy baseline",
      "refinement_epochs": 4,
      "rollout_loss_weight": 0.15,
      "rollout_loss_steps": 4,
      "commit": "e6ae56a"
    }
  },
  "rows": [
    {
      "variant": "UniPhy",
      "mode": "recursive",
      "training": "rollout_consistency_refined",
      "rmse": {
        "6": 0.026888,
        "12": 0.035603,
        "18": 0.041741,
        "24": 0.045494
      },
      "acc": {
        "6": 0.777417,
        "12": 0.709853,
        "18": 0.633141,
        "24": 0.571267
      },
      "crps": {
        "6": 0.015208,
        "12": 0.019744,
        "18": 0.023729,
        "24": 0.026295
      }
    },
    {
      "variant": "SwinTrans",
      "mode": "recursive",
      "rmse": {
        "6": 0.031179,
        "12": 0.039022,
        "18": 0.043511,
        "24": 0.046662
      },
      "acc": {
        "6": 0.756821,
        "12": 0.680618,
        "18": 0.615619,
        "24": 0.561295
      },
      "crps": {
        "6": 0.016446,
        "12": 0.021261,
        "18": 0.024793,
        "24": 0.027208
      },
      "training": "ten_epoch_fixed_interval_baseline"
    },
    {
      "variant": "ConvLSTM",
      "mode": "recursive",
      "rmse": {
        "6": 0.104625,
        "12": 0.104667,
        "18": 0.104675,
        "24": 0.104678
      },
      "acc": {
        "6": 0.020243,
        "12": 0.020213,
        "18": 0.020123,
        "24": 0.020037
      },
      "crps": {
        "6": 0.06434,
        "12": 0.064337,
        "18": 0.064338,
        "24": 0.064339
      },
      "training": "ten_epoch_fixed_interval_baseline"
    }
  ],
  "direct_recursive_check": {
    "num_samples": 200,
    "direct": {
      "rmse": {
        "6": 0.02722,
        "12": 0.036177,
        "18": 0.042515,
        "24": 0.046379
      },
      "acc": {
        "6": 0.750871,
        "12": 0.669649,
        "18": 0.57693,
        "24": 0.502953
      },
      "crps": {
        "6": 0.015444,
        "12": 0.020117,
        "18": 0.024242,
        "24": 0.026891
      }
    },
    "recursive": {
      "rmse": {
        "6": 0.027218,
        "12": 0.036174,
        "18": 0.04252,
        "24": 0.046375
      },
      "acc": {
        "6": 0.750859,
        "12": 0.669649,
        "18": 0.576857,
        "24": 0.502913
      },
      "crps": {
        "6": 0.015445,
        "12": 0.020116,
        "18": 0.024245,
        "24": 0.026891
      }
    },
    "max_abs_rmse_delta": 5e-06,
    "interpretation": "Direct and recursive UniPhy fixed interval evaluation match to rounded numerical precision."
  }
}
