{
  "protocol": {
    "train_years": [
      2000,
      2001
    ],
    "eval_years": [
      2002,
      2002
    ],
    "climatology_years": [
      2000,
      2001
    ],
    "lead_times_hours": [
      6,
      12,
      18,
      24
    ],
    "step_hours": 6,
    "num_samples": 1456,
    "metrics": [
      "rmse",
      "acc",
      "crps"
    ]
  },
  "rows": [
    {
      "variant": "UniPhy",
      "mode": "direct",
      "rmse": {
        "6": 0.027801,
        "12": 0.03522,
        "18": 0.040205,
        "24": 0.043473
      },
      "acc": {
        "6": 0.76949,
        "12": 0.720639,
        "18": 0.669898,
        "24": 0.625909
      },
      "crps": {
        "6": 0.014574,
        "12": 0.01765,
        "18": 0.020318,
        "24": 0.022097
      }
    },
    {
      "variant": "UniPhy",
      "mode": "recursive",
      "rmse": {
        "6": 0.027801,
        "12": 0.10116,
        "18": 0.101064,
        "24": 0.100896
      },
      "acc": {
        "6": 0.769489,
        "12": 0.015136,
        "18": 0.015787,
        "24": 0.017135
      },
      "crps": {
        "6": 0.014575,
        "12": 0.065073,
        "18": 0.064913,
        "24": 0.064779
      }
    },
    {
      "variant": "SwinTrans",
      "mode": "recursive",
      "rmse": {
        "6": 0.031179,
        "12": 0.039022,
        "18": 0.043511,
        "24": 0.046662
      },
      "acc": {
        "6": 0.756821,
        "12": 0.680618,
        "18": 0.615619,
        "24": 0.561295
      },
      "crps": {
        "6": 0.016446,
        "12": 0.021261,
        "18": 0.024793,
        "24": 0.027208
      }
    },
    {
      "variant": "ConvLSTM",
      "mode": "recursive",
      "rmse": {
        "6": 0.104625,
        "12": 0.104667,
        "18": 0.104675,
        "24": 0.104678
      },
      "acc": {
        "6": 0.020243,
        "12": 0.020213,
        "18": 0.020123,
        "24": 0.020037
      },
      "crps": {
        "6": 0.06434,
        "12": 0.064337,
        "18": 0.064338,
        "24": 0.064339
      }
    }
  ]
}
