{
  "protocol": {
    "variant": "UniPhy",
    "checkpoint": "rollout_consistency_refined_seed_42",
    "train_years": [
      2000,
      2001
    ],
    "eval_years": [
      2002,
      2002
    ],
    "climatology_years": [
      2000,
      2001
    ],
    "ensemble_size": 1,
    "metrics": [
      "rmse",
      "acc",
      "crps"
    ],
    "commit": "e6ae56a",
    "purpose": "Evaluate the same continuous time UniPhy checkpoint across regular and irregular inference time grids."
  },
  "grids": {
    "regular_6h": {
      "num_samples": 1456,
      "lead_times_hours": [
        6,
        12,
        18,
        24
      ],
      "overall": {
        "rmse": {
          "6": 0.026506,
          "12": 0.035135,
          "18": 0.041278,
          "24": 0.045044
        },
        "acc": {
          "6": 0.780052,
          "12": 0.714295,
          "18": 0.638456,
          "24": 0.577065
        },
        "crps": {
          "6": 0.0149,
          "12": 0.019352,
          "18": 0.023347,
          "24": 0.025923
        }
      }
    },
    "regular_12h": {
      "num_samples": 1452,
      "lead_times_hours": [
        12,
        24,
        36,
        48
      ],
      "overall": {
        "rmse": {
          "12": 0.035132,
          "24": 0.045043,
          "36": 0.05042,
          "48": 0.052977
        },
        "acc": {
          "12": 0.714296,
          "24": 0.577045,
          "36": 0.471893,
          "48": 0.416029
        },
        "crps": {
          "12": 0.01935,
          "24": 0.025922,
          "36": 0.029879,
          "48": 0.031617
        }
      }
    },
    "irregular_short": {
      "num_samples": 1454,
      "lead_times_hours": [
        3,
        9,
        21,
        33
      ],
      "overall": {
        "rmse": {
          "3": 0.021644,
          "9": 0.027277,
          "21": 0.04072,
          "33": 0.047154
        },
        "acc": {
          "3": 0.798291,
          "9": 0.760307,
          "21": 0.609349,
          "33": 0.49265
        },
        "crps": {
          "3": 0.01247,
          "9": 0.015666,
          "21": 0.023713,
          "33": 0.028154
        }
      }
    },
    "irregular_medium": {
      "num_samples": 1440,
      "lead_times_hours": [
        6,
        18,
        42,
        78,
        120
      ],
      "overall": {
        "rmse": {
          "6": 0.026503,
          "18": 0.041277,
          "42": 0.051906,
          "78": 0.070441,
          "120": 0.13893
        },
        "acc": {
          "6": 0.780018,
          "18": 0.638404,
          "42": 0.438759,
          "78": 0.271778,
          "120": 0.162571
        },
        "crps": {
          "6": 0.014897,
          "18": 0.023345,
          "42": 0.030963,
          "78": 0.043401,
          "120": 0.079673
        }
      }
    }
  }
}
